X,Y,Z,Eigenvectors_(dx),Eigenvectors_(dy),Eigenvectors_(dz)
0,0,0,0.474229,0.524506,0
-1.34940189,1.34940189,1.34940189,-0.474229,-0.524506,0