X_T_dep,Y_T_dep,Z_T_dep,Eigenvectors_(dx)_T_dep,Eigenvectors_(dy)_T_dep,Eigenvectors_(dz)_T_dep,X,Y,Z,Eigenvectors_(dx),Eigenvectors_(dy),Eigenvectors_(dz)
0.01772278215824109,0.019601723173172457,0.0,0.01772278215824109,0.019601723173172457,0.0,0.0,0.0,0.0,0.474229,0.524506,0.0
-1.367124672158241,1.3298001668268276,1.34940189,-0.01772278215824109,-0.019601723173172457,0.0,-1.34940189,1.34940189,1.34940189,-0.474229,-0.524506,0.0
